<?xml version="1.0" encoding="UTF-8"?>
<GenRun Id="synth_1" LaunchPart="xc7z020clg400-1" LaunchTime="1678904463">
  <File Type="PA-TCL" Name="design_acc_wrapper.tcl"/>
  <File Type="REPORTS-TCL" Name="design_acc_wrapper_reports.tcl"/>
  <File Type="RDS-RDS" Name="design_acc_wrapper.vds"/>
  <File Type="RDS-UTIL" Name="design_acc_wrapper_utilization_synth.rpt"/>
  <File Type="RDS-UTIL-PB" Name="design_acc_wrapper_utilization_synth.pb"/>
  <File Type="RDS-DCP" Name="design_acc_wrapper.dcp"/>
  <FileSet Name="sources" Type="DesignSrcs" RelSrcDir="$PSRCDIR/sources_1" RelGenDir="$PGENDIR/sources_1">
    <Filter Type="Srcs"/>
    <File Path="$PSRCDIR/sources_1/bd/design_acc/design_acc.bd">
      <FileInfo>
        <Attr Name="ImportPath" Val="$PPRDIR/../../../../../../../../../../Vivado_projects/2022_1/cordic_acc_2_zybo/cordic_acc_2_zybo.srcs/sources_1/bd/design_acc/design_acc.bd"/>
        <Attr Name="ImportTime" Val="1679168925"/>
        <Attr Name="UsedIn" Val="synthesis"/>
        <Attr Name="UsedIn" Val="implementation"/>
        <Attr Name="UsedIn" Val="simulation"/>
      </FileInfo>
    </File>
    <File Path="$PSRCDIR/sources_1/imports/design_acc_wrapper.v">
      <FileInfo>
        <Attr Name="ImportPath" Val="$PPRDIR/../../../../../../../../../../Vivado_projects/2022_1/cordic_acc_2_zybo/cordic_acc_2_zybo.gen/sources_1/bd/design_acc/hdl/design_acc_wrapper.v"/>
        <Attr Name="ImportTime" Val="1678904186"/>
        <Attr Name="UsedIn" Val="synthesis"/>
        <Attr Name="UsedIn" Val="implementation"/>
        <Attr Name="UsedIn" Val="simulation"/>
      </FileInfo>
    </File>
    <Config>
      <Option Name="DesignMode" Val="RTL"/>
      <Option Name="TopModule" Val="design_acc_wrapper"/>
      <Option Name="TopAutoSet" Val="TRUE"/>
    </Config>
  </FileSet>
  <FileSet Name="constrs_in" Type="Constrs" RelSrcDir="$PSRCDIR/constrs_1">
    <Filter Type="Constrs"/>
    <Config>
      <Option Name="ConstrsType" Val="XDC"/>
    </Config>
  </FileSet>
  <FileSet Name="utils" Type="Utils" RelSrcDir="$PSRCDIR/utils_1">
    <Filter Type="Utils"/>
    <Config>
      <Option Name="TopAutoSet" Val="TRUE"/>
    </Config>
  </FileSet>
  <Strategy Version="1" Minor="2">
    <StratHandle Name="Vivado Synthesis Defaults" Flow="Vivado Synthesis 2022"/>
    <Step Id="synth_design"/>
  </Strategy>
  <BlockFileSet Type="BlockSrcs" Name="design_acc_processing_system7_0_0"/>
  <BlockFileSet Type="BlockSrcs" Name="design_acc_auto_pc_0"/>
  <BlockFileSet Type="BlockSrcs" Name="design_acc_cordic_ip_0_0"/>
  <BlockFileSet Type="BlockSrcs" Name="design_acc_rst_ps7_0_50M_0"/>
</GenRun>
