{
  "version": "2022.1",
  "applications": [],
  "platforms": [
    {
      "name": "design_acc_wrapper_zybo_wbit_1"
    }
  ],
  "systems": [
    {
      "name": "cordic_uart_zybo_system",
      "platform": "C:/Vitis_projects/2022_1/cordic_lab3_zybo/design_acc_wrapper_zybo_wbit_1/export/design_acc_wrapper_zybo_wbit_1/design_acc_wrapper_zybo_wbit_1.xpfm",
      "sysConfig": "design_acc_wrapper_zybo_wbit_1",
      "buildConfig": "Debug",
      "applications": [
        {
          "name": "cordic_uart_zybo",
          "platform": "C:/Vitis_projects/2022_1/cordic_lab3_zybo/design_acc_wrapper_zybo_wbit_1/export/design_acc_wrapper_zybo_wbit_1/design_acc_wrapper_zybo_wbit_1.xpfm",
          "platformPath": "C:\\Vitis_projects\\2022_1\\cordic_lab3_zybo\\design_acc_wrapper_zybo_wbit_1\\export\\design_acc_wrapper_zybo_wbit_1",
          "sysConfig": "design_acc_wrapper_zybo_wbit_1",
          "domain": "standalone_ps7_cortexa9_0",
          "system": "cordic_uart_zybo_system"
        }
      ],
      "platformPath": "C:\\Vitis_projects\\2022_1\\cordic_lab3_zybo\\design_acc_wrapper_zybo_wbit_1\\export\\design_acc_wrapper_zybo_wbit_1"
    }
  ],
  "others": []
}