{
  "version": "2022.1",
  "applications": [],
  "platforms": [
    {
      "name": "system_wrapper"
    }
  ],
  "systems": [
    {
      "name": "Zybo-Z7-20-pcam-5c_system",
      "platform": "D:/WorkRaduV/Projects/Zybo-Z7/sw/ws/system_wrapper/export/system_wrapper/system_wrapper.xpfm",
      "sysConfig": "system_wrapper",
      "buildConfig": "Debug",
      "applications": [
        {
          "name": "Zybo-Z7-20-pcam-5c",
          "platform": "C:/Vitis_projects/2022_1/cam_2021_ov5647/system_wrapper/export/system_wrapper/system_wrapper.xpfm",
          "platformPath": "C:\\Vitis_projects\\2022_1\\cam_2021_ov5647\\system_wrapper\\export\\system_wrapper",
          "sysConfig": "system_wrapper",
          "domain": "domain_ps7_cortexa9_0",
          "system": "Zybo-Z7-20-pcam-5c_system"
        }
      ],
      "platformPath": "C:\\Vitis_projects\\2022_1\\cam_2021_ov5647\\system_wrapper\\export\\system_wrapper"
    },
    {
      "name": "vdma_1_system",
      "platform": "C:/Vitis_projects/2022_1/cam_2021_ov5647/system_wrapper/export/system_wrapper/system_wrapper.xpfm",
      "sysConfig": "system_wrapper",
      "buildConfig": "Debug",
      "applications": [
        {
          "name": "vdma_1",
          "platform": "C:/Vitis_projects/2022_1/cam_2021_ov5647/system_wrapper/export/system_wrapper/system_wrapper.xpfm",
          "platformPath": "C:\\Vitis_projects\\2022_1\\cam_2021_ov5647\\system_wrapper\\export\\system_wrapper",
          "sysConfig": "system_wrapper",
          "domain": "domain_ps7_cortexa9_0",
          "system": "vdma_1_system"
        }
      ],
      "platformPath": "C:\\Vitis_projects\\2022_1\\cam_2021_ov5647\\system_wrapper\\export\\system_wrapper"
    },
    {
      "name": "xaxivdma_example_intr_1_system",
      "platform": "C:/Vitis_projects/2022_1/cam_2021_ov5647/system_wrapper/export/system_wrapper/system_wrapper.xpfm",
      "sysConfig": "system_wrapper",
      "buildConfig": "Debug",
      "applications": [
        {
          "name": "xaxivdma_example_intr_1",
          "platform": "C:/Vitis_projects/2022_1/cam_2021_ov5647/system_wrapper/export/system_wrapper/system_wrapper.xpfm",
          "platformPath": "C:\\Vitis_projects\\2022_1\\cam_2021_ov5647\\system_wrapper\\export\\system_wrapper",
          "sysConfig": "system_wrapper",
          "domain": "domain_ps7_cortexa9_0",
          "system": "xaxivdma_example_intr_1_system"
        }
      ],
      "platformPath": "C:\\Vitis_projects\\2022_1\\cam_2021_ov5647\\system_wrapper\\export\\system_wrapper"
    },
    {
      "name": "xaxivdma_example_selftest_1_system",
      "platform": "C:/Vitis_projects/2022_1/cam_2021_ov5647/system_wrapper/export/system_wrapper/system_wrapper.xpfm",
      "sysConfig": "system_wrapper",
      "buildConfig": "Debug",
      "applications": [
        {
          "name": "xaxivdma_example_selftest_1",
          "platform": "C:/Vitis_projects/2022_1/cam_2021_ov5647/system_wrapper/export/system_wrapper/system_wrapper.xpfm",
          "platformPath": "C:\\Vitis_projects\\2022_1\\cam_2021_ov5647\\system_wrapper\\export\\system_wrapper",
          "sysConfig": "system_wrapper",
          "domain": "domain_ps7_cortexa9_0",
          "system": "xaxivdma_example_selftest_1_system"
        }
      ],
      "platformPath": "C:\\Vitis_projects\\2022_1\\cam_2021_ov5647\\system_wrapper\\export\\system_wrapper"
    }
  ],
  "others": []
}